<?xml version="1.0" encoding="UTF-8"?>
<!-- This XML was automatically generated from the SKOS sources for the COAR Vocabulary. It follows the schema developed by 4Science (https://www.4science.it/) for DSpace -->
<node id="http://purl.org/coar/resource_type/scheme" label="Resource Types">
  <isComposedBy>
    <node id="c_12cc" label="cartographic material">
      <hasNote>Any material representing the whole or part of the earth or any celestial body at any scale. Cartographic materials include two- and three-dimensional maps and plans (including maps of imaginary places); aeronautical, navigational, and celestial charts; atlases; globes; block diagrams; sections; aerial photographs with a cartographic purpose; bird's-eye views (map views), etc. [Source: http://www.loc.gov/marc/cfmap.html]
      </hasNote>
      <isComposedBy>
        <node id="c_12cd" label="map">
          <hasNote>Defined as a representation normally to scale and on a flat medium, of a selection of material or abstract features on, or in relation to, the surface of the earth or of another celestial body. [Source: https://www.loc.gov/marc/bibliographic/bd007a.html]
          </hasNote>
        </node>
      </isComposedBy>
    </node>
    <node id="c_3e5a" label="contribution to journal">
      <hasNote>A contribution to a journal denotes a work published in a journal. If applicable sub-terms should be chosen.
      </hasNote>
    </node>
    <node id="c_ddb1" label="dataset">
      <hasNote>A collection of related facts and data encoded in a defined structure. [Source: Adapted from http://purl.org/spar/fabio/Dataset]
      </hasNote>
    </node>
    <node id="542X-3S04" label="design">
      <hasNote>Plans, drawing or set of drawings showing how something e.g. building, product is to be made and how it will work and look. [Source: Adapted from https://dictionary.cambridge.org/dictionary/english/design]
      </hasNote>
      <isComposedBy>
        <node id="JBNF-DYAD" label="industrial design">
          <hasNote>Industrial designs are applied to a wide variety of industrial products and handicrafts. They refer to the ornamental or aesthetic aspects of a useful article,including compositions of lines or colors or any three-dimensional forms that give a special appearance to a product or handicraft. [Source: https://www.wipo.int/edocs/pubdocs/en/wipo_pub_943_2018.pdf]
          </hasNote>
        </node>
        <node id="BW7T-YM2G" label="layout design">
          <hasNote>Layout-design (topography) means the three-dimensional disposition, however expressed, of the interconnections of an integrated circuit, or such a three-dimensional disposition prepared for an integrated circuit intended for manufacture the elements of an integrated circuit (at least one of which is an active element) and of some or all. [Source: https://www.wipo.int/edocs/lexdocs/laws/en/hk/hk028en.pdf]
          </hasNote>
        </node>
      </isComposedBy>
    </node>
    <node id="c_c513" label="image">
      <hasNote>A visual representation other than text, including all types of moving image and still image. [Source: Adapted from  http://purl.org/dc/dcmitype/Image]
      </hasNote>
      <isComposedBy>
        <node id="c_8a7e" label="moving image">
          <hasNote>A moving display, either generated dynamically by a computer program or formed from a series of pre-recorded still images imparting an impression of motion when shown in succession. [Source: http://purl.org/spar/fabio/MovingImage]
          </hasNote>
          <isComposedBy>
            <node id="c_12ce" label="video">
              <hasNote>A recording of visual images, usually in motion and with sound accompaniment. [Source: http://www.ifla.org/files/assets/cataloguing/isbd/isbd-cons_20110321.pdf ]
              </hasNote>
            </node>
          </isComposedBy>
        </node>
        <node id="c_ecc8" label="still image">
          <hasNote>A recorded static visual representation. This class of image includes diagrams, drawings, graphs, graphic designs, plans, photographs and prints. [Source: Adapted from  http://purl.org/spar/fabio/StillImage]
          </hasNote>
        </node>
      </isComposedBy>
    </node>
    <node id="c_e9a0" label="interactive resource">
      <hasNote>A resource requiring interaction from the user to be understood, executed, or experienced. Examples include forms on Web pages, applets, multimedia learning objects, chat services, or virtual reality environments.
Source: http://purl.org/dc/dcmitype/InteractiveResource
      </hasNote>
      <isComposedBy>
        <node id="c_7ad9" label="website">
          <hasNote>A collection of related web pages containing text, images, videos and/or other digital assets that are addressed relative to a common Uniform Resource Locator (URL). A web site is hosted on at least one web server, accessible via a network such as the Internet or a private local area network.
Source: http://purl.org/spar/fabio/WebSite
          </hasNote>
        </node>
      </isComposedBy>
    </node>
    <node id="c_18ww" label="internal report">
      <hasNote>An internal report is a record of findings collected for internal use. It is not designed to be made public and may include confidential or proprietary information.
      </hasNote>
    </node>
    <node id="c_26e4" label="interview">
      <hasNote>A discussion between a reporter, host, panel, or audience and a newsmaker, author, or celebrity, recorded (edited or unedited) in print, on film or video, as transcript or as a sound recording. (Adapted from ODLIS)
      </hasNote>
    </node>
    <node id="c_e059" label="learning object">
      <hasNote>A digital resource that can be reused to enhance teaching and learning. [Source: https://icas-ca.org/archive/projects/coerc/oer-glossary]
      </hasNote>
    </node>
    <node id="c_1843" label="other">
      <hasNote>A resource type that is not included in existing terms. [COAR definition]
      </hasNote>
    </node>
    <node id="c_18wq" label="other type of report">
      <hasNote>Other types of report may include Business Plans Technical Specifications, data management plans, recommendation reports, white papers, annual reports, auditor's reports, workplace reports, census reports, trip reports, progress reports, investigative reports, budget reports, policy reports, demographic reports, credit reports, appraisal reports, inspection reports, military reports, bound reports, etc. [Source: https://en.wikipedia.org/wiki/Report]
      </hasNote>
    </node>
    <node id="c_15cd" label="patent">
      <hasNote>A patent or patent application.
      </hasNote>
      <isComposedBy>
        <node id="SB3Y-W4EH" label="PCT application">
          <hasNote>A patent application filed through the WIPO-administered Plant Cooperation Treaty (PCT), also known as an international application. [Source: Adapted from https://www.wipo.int/edocs/pubdocs/en/wipo_pub_943_2018.pdf]
          </hasNote>
        </node>
        <node id="C53B-JCY5" label="design patent">
          <hasNote>A patent granted to any person who has invented any new and non-obvious ornamental design for an article of manufacture. The design patent protects only the appearance of an article, but not its structural or functional features. [Source: Adapted from https://www.uspto.gov/patents/basics#heading-30]
          </hasNote>
        </node>
        <node id="Z907-YMBB" label="plant patent">
          <hasNote>A patent granted to anyone who has invented or discovered and asexually reproduced any distinct and new variety of plant, including cultivated sports, mutants, hybrids, and newly found seedlings, other than a tuber-propagated plant or a plant found in an uncultivated state. [Source: Adapted from https://www.uspto.gov/patents/basics#heading-31]
          </hasNote>
        </node>
        <node id="GPQ7-G5VE" label="plant variety protection">
          <hasNote>Plant variety protection, also called a "plant breeder's right" (PBR), is a form of intellectual property right granted to the breeder of a new plant variety . According to this right, certain acts concerning the exploitation of the protected variety require the prior authorization of the breeder. Plant variety protection is an independent sui generis form of protection, tailored to protect new plant varieties and has certain features in common with other intellectual property rights. [Source: https://www.wipo.int/edocs/pubdocs/en/wipo_pub_943_2018.pdf]
          </hasNote>
        </node>
        <node id="MW8G-3CR8" label="software patent">
          <hasNote>In order to obtain a patent, a software invention must not fall under other non-patentable subject matter (for example, abstract ideas or mathematical theories) and has to fulfill the other substantive patentability criteria (for example, novelty, inventive step [non-obviousness] and industrial applicability [usefulness]). [Source: https://www.wipo.int/patents/en/faq_patents.html]
          </hasNote>
        </node>
        <node id="9DKX-KSAF" label="utility model">
          <hasNote>A special form of patent right granted by a state or jurisdiction to an inventor or the inventor’s assignee for a fixed period of time. The terms and conditions for granting a utility model are slightly different from those for normal patents (including a shorter term of protection and less stringent patentability requirements). The term can also describe what are known in certain countries as “petty patents,” “short-term patents” or “innovation patents.” [Source: https://www.wipo.int/edocs/pubdocs/en/wipo_pub_943_2018.pdf]
          </hasNote>
        </node>
      </isComposedBy>
    </node>
    <node id="c_18hj" label="report to funding agency">
      <hasNote>A report to a funding agency is a document written by beneficiaries of project grants. The reporting documents can be e.g. periodic reports about progress of scientific and technical work and final report. For deliverables use ‘Project deliverable’. [Source: http://ec.europa.eu/research/participants/fp7documents/funding-guide/6_projects/reports/reports_en.htm ]
      </hasNote>
    </node>
    <node id="EHVM-H119" label="research data">
      <hasNote>Data that are used as primary sources to support technical or scientific enquiry, research, scholarship, or artistic activity, and that are used as evidence in the research process and/or are commonly accepted in the research community as necessary to validate research findings and results. [Source: https://casrai.org/term/research-data]
      </hasNote>
      <isComposedBy>
        <node id="ACF7-8YT9" label="aggregated data">
          <hasNote>Statistics that relate to broad classes, groups, or categories. The data are averaged, totaled, or otherwise derived from individual-level data, and it is no longer possible to distinguish the characteristics of individuals within those classes, groups, or categories. For example, the number and age group of the unemployed in specific geographic regions, or national level statistics on the occurrence of specific offences, originally derived from the statistics of individual police districts. [Source: https://ddialliance.org/Specification/DDI-CV/ModeOfCollection_3.0.html]
          </hasNote>
        </node>
        <node id="c_cb28" label="clinical trial data">
          <hasNote>Data resulting from a research study in which one or more human subjects are prospectively assigned to one or more interventions (which may include placebo or other control) to evaluate the effects of those interventions on health-related biomedical or behavioral outcomes. [Source: Adapted from https://grants.nih.gov/policy/clinical-trials/definition.htm]
          </hasNote>
        </node>
        <node id="FXF3-D3G7" label="compiled data">
          <hasNote>Data collected or assembled from multiple, often heterogeneous sources that have one or more reference points in common, and at least one of the sources was originally produced for other purposes. The data are incorporated in a new entity. For example, providing data on the number of universities in the last 150 years using a variety of available sources (e.g. finance documents, official statistics, university registers), combining survey data with information about geographical areas from official statistics (e.g. population density, doctors per capita, etc.), or using RSS to collect blog posts or tweets, etc. [Source: Adapted from https://ddialliance.org/Specification/DDI-CV/ModeOfCollection_3.0.html]
          </hasNote>
        </node>
        <node id="AM6W-6QAW" label="encoded data">
          <hasNote>Qualitative data (textual, video, audio or still-image) originally produced for other purposes into quantitative data (expressed in unit-by-variable matrices) by using coding techniques in accordance with pre-defined categorization schemes. For example, coded party manifesto data like the "European Parliament Election Study 2009, Manifesto Study" (doi:10.4232/1.10204)". [Source: Adapted from https://ddialliance.org/Specification/DDI-CV/ModeOfCollection_3.0.html]
          </hasNote>
        </node>
        <node id="63NG-B465" label="experimental data">
          <hasNote>Data resulting from the experimental research method involving the manipulation of some or all of the independent variables included in the hypotheses. [Source: Adapted from https://ddialliance.org/Specification/DDI-CV/ModeOfCollection_3.0.html]
          </hasNote>
        </node>
        <node id="A8F1-NPV9" label="genomic data">
          <hasNote>Genomic data refers to the genome and DNA data of an organism. They are used in bioinformatics for collecting, storing and processing the genomes of living things. Genomic data is a more extensive term than sequencing data and however genomic data mostly come from sequencing techniques. It may include non-sequencing data such as data from microarrays, data from real-time PCR panels and data from pharmacogenomics studies. [Source: Adapted from https://www.techopedia.com/definition/31247/genomic-data]
          </hasNote>
        </node>
        <node id="2H0M-X761" label="geospatial data">
          <hasNote>Discrete geospatial data are usually represented using vector data consisting of points, lines and polygons, while continuous geospatial data are usually represented by raster data, consisting of a grid of cells that each has its own value. Any number of applications in a wide range of areas produce geospatial data, such as GIS, Remote Sensing equipment, GPS units, archaeological total stations, manual mapping and computer-aided design (CAD), in a number of formats, including images, vector, text, and tabular data. Vector-based geospatial data include tables listing archaeological sites along with their coordinates, text-based files (e.g., XML) containing coordinates and topology for historic road networks, voting figures for political parties by administrative area. Raster-based geospatial data include satellite images, aerial photographs, scanned maps, and digital maps of elevations, vegetation, land-use, sea surface temperatures, air pollution, soil-types, etc. [Source: https://ddialliance.org/Specification/DDI-CV/GeneralDataFormat_2.0.html]
          </hasNote>
        </node>
        <node id="H41Y-FW7B" label="laboratory notebook">
          <hasNote>A laboratory notebook (colloq. lab notebook or lab book) is a primary record of research. Researchers use a lab notebook to document their hypotheses, experiments and initial analysis or interpretation of these experiments. This label is used both for traditional and electronic laboratory notebook. [Source: Adapted from https://en.wikipedia.org/wiki/Lab_notebook]
          </hasNote>
        </node>
        <node id="DD58-GFSX" label="measurement and test data">
          <hasNote>Data resulting from assessing specific properties (or characteristics) of beings, things, phenomena, (and/ or processes) by applying pre-established standards and/or specialized instruments or techniques. [Source: Adapted from  https://ddialliance.org/Specification/DDI-CV/ModeOfCollection_3.0.html]
          </hasNote>
        </node>
        <node id="FF4C-28RK" label="observational data">
        </node>
        <node id="CQMR-7K63" label="recorded data">
          <hasNote>Data registered by mechanical or electronic means, in a form that allows the information to be retrieved and/or reproduced. For example, images or sounds on disc or magnetic tape. [Source: Adapted from https://ddialliance.org/Specification/DDI-CV/ModeOfCollection_3.0.html]
          </hasNote>
        </node>
        <node id="W2XT-7017" label="simulation data">
          <hasNote>Data resulting from modeling or imitative representation of real-world processes, events, or systems, often using computer programs. For example, a program modeling household consumption responses to indirect tax changes; or a dataset on hypothetical patients and their drug exposure, background conditions, and known adverse events. [Source: Adapted from https://ddialliance.org/Specification/DDI-CV/ModeOfCollection_3.0.html]
          </hasNote>
        </node>
        <node id="NHD0-W6SY" label="survey data">
          <hasNote>Data resulting from a survey, which is defined as an investigation about the characteristics of a given population by means of collecting data from a sample of that population and estimating their characteristics through the systematic use of statistical methodology. Included are censuses, sample surveys, the collection of data from administrative records and derived statistical activities as well as questionnaires. [Source: Adapted from https://stats.oecd.org/glossary/detail.asp?ID=2620]
          </hasNote>
        </node>
      </isComposedBy>
    </node>
    <node id="c_5ce6" label="software">
      <hasNote>A computer program in source code (text) or compiled form.
      </hasNote>
      <isComposedBy>
        <node id="c_c950" label="research software">
          <hasNote>Software that is used to generate, process or analyse results that you intend to appear in a publication (either in a journal, conference paper, monograph, book or thesis). Research software can be anything from a few lines of code written by yourself, to a professionally developed software package. [Source: https://datashare.ed.ac.uk/handle/10283/785]
          </hasNote>
        </node>
        <node id="QH80-2R4E" label="source code">
          <hasNote>Source code is any collection of code, with or without comments, written using[1] a human-readable programming language, usually as plain text. [Source: https://en.wikipedia.org/wiki/Source_code]
          </hasNote>
        </node>
      </isComposedBy>
    </node>
    <node id="c_18cc" label="sound">
      <hasNote>A resource primarily intended to be heard. Examples include a music playback file format, an audio compact disc, and recorded speech or sounds. [Source: http://dublincore.org/documents/dcmi-terms/#dcmitype-Sound]
      </hasNote>
      <isComposedBy>
        <node id="c_18cd" label="musical composition">
          <hasNote>Musical composition can refer to an original piece of music, the structure of a musical piece, or the process of creating a new piece of music. [Source: https://en.wikipedia.org/wiki/Musical_composition ]
          </hasNote>
        </node>
      </isComposedBy>
    </node>
    <node id="c_18cf" label="text">
      <hasNote>A resource consisting primarily of words for reading. Examples include books, letters, dissertations, poems, newspapers, articles, archives of mailing lists. Note that facsimiles or images of texts are still of the genre Text. [Source: http://dublincore.org/documents/dcmi-terms/#dcmitype-Sound]
      </hasNote>
      <isComposedBy>
        <node id="c_1162" label="annotation">
          <hasNote>An annotation in the sense of a legal note is a legally explanatory comment on a decision handed down by a court or arbitral tribunal.
          </hasNote>
        </node>
        <node id="c_86bc" label="bibliography">
          <hasNote>Систематизированный перечень или список письменных работ/источников конкретного автора или на заданную тему.
          </hasNote>
        </node>
        <node id="c_6947" label="blog post">
          <hasNote>A piece of writing or other item of content published on a blog. [Source: https://www.lexico.com/definition/blog_post]
          </hasNote>
        </node>
        <node id="c_2f33" label="book">
          <hasNote>A non-serial publication that is complete in one volume or a designated finite number of volumes. [Source: Adapted from http://purl.org/eprint/type/Book]
          </hasNote>
          <isComposedBy>
            <node id="c_3248" label="book part">
              <hasNote>A defined chapter or section of a book, usually with a separate title or number. [Source: http://purl.org/spar/fabio/BookChapter]
              </hasNote>
            </node>
          </isComposedBy>
        </node>
        <node id="c_c94f" label="conference output">
          <hasNote>All kind of digital resources contributed to a conference, like conference presentation (slides), conference report, conference lecture, abstracts, demonstrations. For conference papers, posters or proceedings the specific sub-concepts should be used. [COAR definition]
          </hasNote>
          <isComposedBy>
            <node id="c_18cp" label="conference paper not in proceedings">
              <hasNote>A paper, published within a conference proceeding, typically the realization of a research paper reporting original research findings. [Source: Adapted from http://purl.org/spar/fabio/ConferencePaper]
              </hasNote>
            </node>
            <node id="c_18co" label="conference poster not in proceedings">
              <hasNote>A display poster, published with a conference proceeding, typically containing text with illustrative figures and/or tables, usually reporting research results or proposing hypotheses, submitted for acceptance to and/or presented at a conference, seminar, symposium, workshop or similar event. [Source: Adapted http://purl.org/spar/fabio/ConferencePoster]
              </hasNote>
            </node>
            <node id="R60J-J5BD" label="conference presentation">
              <hasNote>A set of slides containing text, tables or figures, designed to communicate ideas or research results, for projection and viewing by an audience at a conference, symposium, seminar, lecture, workshop or other gatherings. [Source: Adapted from http://purl.org/spar/fabio/Presentation]
              </hasNote>
            </node>
            <node id="c_f744" label="conference proceedings">
              <hasNote>Conference proceedings is the official record of a conference meeting. It is a collection of documents which corresponds to the presentations given at the conference. It may include additional content. [Source: http://www.ieee.org/documents/confprocdefined.pdf ]
              </hasNote>
              <isComposedBy>
                <node id="c_5794" label="conference paper">
                  <hasNote>A paper, typically the realization of a research paper reporting original research findings. Use this label when the paper is not published in a proceeding. [Source: Adapted from http://purl.org/spar/fabio/ConferencePaper]
                  </hasNote>
                </node>
                <node id="c_6670" label="conference poster">
                  <hasNote>A display poster, typically containing text with illustrative figures and/or tables, usually reporting research results or proposing hypotheses, submitted for acceptance to and/or presented at a conference, seminar, symposium, workshop or similar event. [Source: http://purl.org/spar/fabio/ConferencePoster]
                  </hasNote>
                </node>
              </isComposedBy>
            </node>
          </isComposedBy>
        </node>
        <node id="c_0640" label="journal">
          <hasNote>A journal is a serial publication devoted to disseminating original research and current developments on a subject. (Adapted from ODLIS) [Source: http://dspacecris.eurocris.org/cris/classcerif/classcerif00422]
          </hasNote>
          <isComposedBy>
            <node id="c_b239" label="editorial">
              <hasNote>A brief essay expressing the opinion or position of the chief editor(s) of a (academic) journal with respect to a current political, social, cultural, or professional issue. [Source: Adapted from ODLIS [Source: http://www.abc-clio.com/ODLIS/odlis_e.aspx ]
              </hasNote>
            </node>
            <node id="c_6501" label="journal article">
              <hasNote>An article, typically the realization of a research paper reporting original research findings, published in a journal issue. [Source: http://purl.org/spar/fabio/JournalArticle]
              </hasNote>
              <isComposedBy>
                <node id="c_7acd" label="corrigendum">
                  <hasNote>A formal correction to an error introduced by the author into a previously published document. (adapted from https://sparontologies.github.io/fabio/current/fabio.html#d4e2712)
                  </hasNote>
                </node>
                <node id="c_beb9" label="data paper">
                  <hasNote>A data paper is a scholarly publication describing a particular dataset or group of dataset, published in the form of a peer-reviewed article in a scholarly journal. The main purpose of a data paper is to describe data, the circumstances of their collection, and information related to data features, access and potential reuse. Adapted from https://en.wikipedia.org/wiki/Data_paper and http://www.gbif.org/publishing-data/data-papers
                  </hasNote>
                </node>
                <node id="c_2df8fbb1" label="research article">
                  <hasNote>A research article is a primary source, that is, it reports the methods and results of an original study performed by the authors. (adapted from http://apus.libanswers.com/faq/2324)
                  </hasNote>
                </node>
                <node id="c_dcae04bc" label="review article">
                  <hasNote>An article, is a primary source, typically the realization of a research paper reporting original research findings. [Source: Adapted from http://purl.org/spar/fabio/JournalArticle]
                  </hasNote>
                </node>
                <node id="c_7bab" label="software paper">
                  <hasNote>A software paper should include the rationale for the development of the tool and details of the code used for its construction. (Adapted from f1000)
                  </hasNote>
                </node>
              </isComposedBy>
            </node>
            <node id="c_545b" label="letter to the editor">
              <hasNote>A letter addressed to the editor and comments on or discussed an item previously published by that periodical, or of interest to its readership. [Source: Adapted from http://purl.org/spar/fabio/Letter]
              </hasNote>
            </node>
          </isComposedBy>
        </node>
        <node id="c_8544" label="lecture">
          <hasNote>Transcription of an oral presentation/talk intended to present information or teach people about a particular subject, for example by a university or college teacher. [Source: Adopted from https://en.wikipedia.org/wiki/Lecture]
          </hasNote>
        </node>
        <node id="c_0857" label="letter">
          <hasNote>Бумага с написанным на ней от руки или напечатанным текстом, служащая средством общения между физическими лицами и/или представителями юридических лиц. Как правило, письмо доставляется почтовой службой или публикуется в периодическом издании. В последнем случае, письмо адресовывается редактору/редакции, и комментирует или обсуждает статью, опубликованную ранее в этом периодическом издании, или представляет интерес для конкретной читательской аудитории.
          </hasNote>
        </node>
        <node id="c_2cd9" label="magazine">
          <hasNote>A popular interest periodical usually containing articles on a variety of topics, written by various authors in a nonscholarly style or a trade publication, unlike a consumer publication, covers a specific topic for people who work in that particular field or industry. [Source: Adapted from https://www.thebalance.com/what-is-a-trade-publication-exactly-2316039 and http://www.abc-clio.com/ODLIS/odlis_m.aspx]
          </hasNote>
        </node>
        <node id="c_0040" label="manuscript">
          <hasNote>A manuscript is a work of any kind (text, inscription, music score, map, etc.) written entirely by hand. (Adapted from ODLIS)
          </hasNote>
        </node>
        <node id="c_18cw" label="musical notation">
          <hasNote>Symbols used to write music, as in a music score, and to express mathematical concepts.
[Source: Adapted from https://products.abc-clio.com/ODLIS/odlis_n.aspx]
          </hasNote>
        </node>
        <node id="c_2fe3" label="newspaper">
          <hasNote>A non-peer reviewed periodical, usually published daily or weekly, consisting primarily of editorials and news items concerning current or recent events and matters of public interest. [Source: http://purl.org/spar/fabio/Newspaper]
          </hasNote>
          <isComposedBy>
            <node id="c_998f" label="newspaper article">
              <hasNote>Work consisting of a news item appearing in a general-interest newspaper or other general news periodical, containing information of current and timely interest in a field. (Adapted from http://www.reference.md/files/D018/mD018431.html )
              </hasNote>
            </node>
          </isComposedBy>
        </node>
        <node id="QX5C-AR31" label="other periodical">
          <hasNote>A resource type that is not included in existing terms under the top concept "Text"
          </hasNote>
        </node>
        <node id="c_816b" label="preprint">
          <hasNote>A preprint is a scientific manuscript without peer-review and has not yet been accepted by a journal, typicaly submitted to a public server/ repository by the author. [Source: Adapted from https://asapbio.org/preprint-info/preprint-faq#qaef-637]
          </hasNote>
        </node>
        <node id="c_93fc" label="report">
          <hasNote>A report is a separately published record of research findings, research still in progress, policy developments and events, or other technical findings, usually bearing a report number and sometimes a grant number assigned by the funding agency. Also, an official record of the activities of a committee or corporate entity, the proceedings of a government body, or an investigation by an agency, whether published or private, usually archived or submitted to a higher authority, voluntarily or under mandate. In a more general sense, any formal account of facts or information related to a specific event or phenomenon, sometimes given at regular intervals. [Source: http://lu.com/odlis/odlis_R.cfm#report ]
          </hasNote>
          <isComposedBy>
            <node id="c_7877" label="clinical study">
              <hasNote>A work that reports on the results of a research study to evaluate interventions or exposures on biomedical or health-related outcomes. The two main types of clinical studies are interventional studies (clinical trials) and observational studies. While most clinical studies concern humans, this publication type may be used for clinical veterinary articles meeting the requisites for humans. [Source: https://www.ncbi.nlm.nih.gov/mesh/2009830]
              </hasNote>
            </node>
            <node id="c_ab20" label="data management plan">
              <hasNote>A formal statement describing how research data will be managed and documented throughout a research project and the terms regarding the subsequent deposit of the data with a data repository for long-term management and preservation. [Source: https://casrai.org/rdm-glossary]
              </hasNote>
            </node>
            <node id="c_18wz" label="memorandum">
              <hasNote>A formal note distributed internally to one or more persons in a company, agency, organization, or institution, with a header indicating the date it was sent and stating to whom it is addressed (To:), from whom it is sent (From:), and the subject of the text (Re:). Unlike a letter, a memo does not require a full salutation or signature at the end of the text--the sender may simply initial his or her name in the header. [Source: https://products.abc-clio.com/ODLIS/odlis_m.aspx#memorandum]
              </hasNote>
            </node>
            <node id="c_186u" label="policy report">
              <hasNote>A policy report presents what is known about a particular issue or problem. It assembles facts and evidence to help readers understand complex issues and form a response. It might aim to be neutral, or it might aim to persuade readers in a particular direction. [Source: https://www.uow.edu.au/student/learning-co-op/assessments/policy-report/#]
              </hasNote>
            </node>
            <node id="c_18op" label="project deliverable">
              <hasNote>A document containing a project report, intended to be delivered to a customer or funding agency describing the results achieved within a specific project. [Source: http://purl.org/spar/fabio/ProjectReportDocument]
              </hasNote>
            </node>
            <node id="YZ1N-ZFT9" label="research protocol">
              <hasNote>The protocol is a detailed plan of the research study including a project summary, project description covering the rationale, objectives, methodology, data management and analysis, ethical considerations, gender issues and references. [Source: Adapted from https://www.who.int/publications/i/item/a-practical-guide-for-health-researchers]
              </hasNote>
            </node>
            <node id="c_18ws" label="research report">
              <hasNote>It is publication that reports on the findings of a research project or alternatively scientific observations on or about a subject. [Source: Adapted from https://en.wikipedia.org/wiki/Research_report]
              </hasNote>
            </node>
            <node id="c_18gh" label="technical report">
              <hasNote>A technical report is a document that records the procedure adopted and results obtained from a scientific or technical activity or investigation.
              </hasNote>
            </node>
          </isComposedBy>
        </node>
        <node id="c_baaf" label="research proposal">
          <hasNote>A research proposal is a document proposing a research project, generally in the sciences or academia, and generally constitutes a request for sponsorship of that research (https://en.wikipedia.org/wiki/Research_proposal)
          </hasNote>
        </node>
        <node id="c_efa0" label="review">
          <hasNote>A review of others' published work.
          </hasNote>
          <isComposedBy>
            <node id="c_ba08" label="book review">
              <hasNote>A written review and critical analysis of the content, scope and quality of a book or other monographic work.
              </hasNote>
            </node>
            <node id="D97F-VB57" label="commentary">
              <hasNote>A commentary is a more in-depth analysis written to draw attention to a work already published. Commentaries are somewhat like “reviews” in that the author presents his or her analysis of a work and why it  would be of interest to a specific audience. [Source: https://www.enago.com/academy/perspective-opinion-and-commentary-pieces]
              </hasNote>
            </node>
            <node id="H9BQ-739P" label="peer review">
              <hasNote>A process by which a scholarly work (such as a paper or a research proposal) is checked by a group of experts in the same field to make sure it meets the necessary standards before it is published or accepted. [Source: https://casrai.org/rdm-glossary]
              </hasNote>
            </node>
          </isComposedBy>
        </node>
        <node id="c_71bd" label="technical documentation">
          <hasNote>Technical documentation refers to any type of documentation that describes handling, functionality and architecture of a technical product or a product under development or use. [Source: https://en.wikipedia.org/wiki/Technical_documentation]
          </hasNote>
        </node>
        <node id="c_46ec" label="thesis">
          <hasNote>A book authored by a student containing a formal presentations of research outputs submitted for examination in completion of a course of study at an institution of higher education, to fulfil the requirements for an academic degree. Also know as a dissertation. [Source: http://purl.org/spar/fabio/Thesis]
          </hasNote>
          <isComposedBy>
            <node id="c_7a1f" label="bachelor thesis">
              <hasNote>A thesis reporting a research project undertaken as part of an undergraduate course of education leading to a bachelor's degree. (adapted from fabio)
              </hasNote>
            </node>
            <node id="c_db06" label="doctoral thesis">
              <hasNote>A thesis reporting the research undertaken during a period of graduate study leading to a doctoral degree.
              </hasNote>
            </node>
            <node id="c_bdcc" label="master thesis">
              <hasNote>A thesis reporting a research project undertaken as part of a graduate course of education leading to a master's degree.
              </hasNote>
            </node>
          </isComposedBy>
        </node>
        <node id="6NC7-GK9S" label="transcription">
          <hasNote>A written record of words spoken in court proceedings or in a speech, interview, broadcast, or sound recording. [Source: Adapted from https://products.abc-clio.com/ODLIS/odlis_t.aspx]
          </hasNote>
        </node>
        <node id="c_8042" label="working paper">
          <hasNote>A working or discussion paper circulated publicly or among a group of peers. Certain disciplines, for example economics, issue working papers in series. [Source: http://www.ukoln.ac.uk/repositories/digirep/index/Eprints_Type_Vocabulary_Encoding_Scheme#ConferenceItem]
          </hasNote>
        </node>
      </isComposedBy>
    </node>
    <node id="H6QP-SC1X" label="trademark">
      <hasNote>A sign used to distinguish the goods or services of one undertaking from those
of others. A trademark may consist of words and combinations of words (for
instance, names or slogans), logos, figures and images, letters, numbers,
sounds, or, in rare instances, smells or moving images, or a combination thereof. [Source: https://www.wipo.int/trademarks/en]
      </hasNote>
    </node>
    <node id="c_393c" label="workflow">
      <hasNote>A recorded sequence of connected steps, which may be automated, specifying a reliably repeatable sequence of operations to be undertaken when conducting a particular job, for example an in silico investigation that extracts and processes information from a number of bioinformatics databases. [Source: Adapted from http://purl.org/spar/fabio/Workflow]
      </hasNote>
    </node>
  </isComposedBy>
</node>